EventID, SimTime, SysTime, EventType, Node, Object
1,57,1697492253541,Event_NewTransactionArrival,3,1
2,118,1697492253694,Event_NewTransactionArrival,3,2
3,133,1697492253696,Event_NewTransactionArrival,3,3
4,133,1697492253700,Event_ContainerValidation,3,1
5,139,1697492253700,Event_NewTransactionArrival,3,4
6,211,1697492253700,Event_NewTransactionArrival,2,5
7,220,1697492253701,Event_NewTransactionArrival,2,6
8,287,1697492253701,Event_NewTransactionArrival,3,7
9,633,1697492253701,Event_NewTransactionArrival,2,8
10,633,1697492253702,Event_ContainerValidation,2,3
11,726,1697492253702,Event_NewTransactionArrival,3,9
12,726,1697492253705,Event_ContainerValidation,3,5
13,820,1697492253705,Event_NewTransactionArrival,2,10
14,914,1697492253705,Event_TransactionPropagation,1,1
15,920,1697492253705,Event_TransactionPropagation,1,2
16,966,1697492253706,Event_NewTransactionArrival,2,11
17,966,1697492253706,Event_ContainerValidation,2,7
18,983,1697492253707,Event_TransactionPropagation,1,4
19,983,1697492253707,Event_TransactionPropagation,1,5
20,983,1697492253707,Event_ContainerValidation,1,9
21,994,1697492253707,Event_NewTransactionArrival,1,12
22,1027,1697492253708,Event_TransactionPropagation,3,5
23,1030,1697492253708,Event_TransactionPropagation,1,3
24,1039,1697492253708,Event_TransactionPropagation,2,2
25,1041,1697492253708,Event_TransactionPropagation,2,1
26,1104,1697492253708,Event_TransactionPropagation,1,6
27,1104,1697492253709,Event_ContainerValidation,1,11
28,1108,1697492253709,Event_TransactionPropagation,2,4
29,1108,1697492253710,Event_ContainerValidation,2,13
30,1154,1697492253710,Event_TransactionPropagation,3,6
31,1155,1697492253710,Event_NewTransactionArrival,3,13
32,1155,1697492253711,Event_ContainerValidation,3,15
33,1164,1697492253711,Event_TransactionPropagation,2,3
34,1270,1697492253711,Event_NewTransactionArrival,3,14
35,1395,1697492253712,Event_NewTransactionArrival,1,15
36,1410,1697492253712,Event_TransactionPropagation,1,7
37,1410,1697492253713,Event_ContainerValidation,1,17
38,1567,1697492253713,Event_TransactionPropagation,1,8
39,1571,1697492253713,Event_TransactionPropagation,3,12
40,1571,1697492253714,Event_ContainerValidation,3,19
41,1576,1697492253714,Event_TransactionPropagation,2,7
42,1620,1697492253714,Event_TransactionPropagation,3,8
43,1621,1697492253714,Event_TransactionPropagation,2,12
44,1621,1697492253715,Event_ContainerValidation,2,21
45,1678,1697492253715,Event_NewTransactionArrival,2,16
46,1697,1697492253715,Event_TransactionPropagation,1,9
47,1697,1697492253716,Event_ContainerValidation,1,23
48,1749,1697492253716,Event_NewTransactionArrival,3,17
49,1749,1697492253717,Event_ContainerValidation,3,25
50,1780,1697492253717,Event_TransactionPropagation,1,11
51,1781,1697492253717,Event_TransactionPropagation,1,13
52,1781,1697492253718,Event_ContainerValidation,1,27
53,1826,1697492253718,Event_TransactionPropagation,3,11
54,1841,1697492253718,Event_TransactionPropagation,2,9
55,1841,1697492253719,Event_ContainerValidation,2,29
56,1874,1697492253719,Event_TransactionPropagation,2,13
57,1918,1697492253719,Event_TransactionPropagation,1,10
58,1980,1697492253719,Event_TransactionPropagation,3,10
59,1980,1697492253720,Event_ContainerValidation,3,31
60,2136,1697492253720,Event_NewTransactionArrival,2,18
61,2136,1697492253721,Event_ContainerValidation,2,33
62,2207,1697492253721,Event_NewTransactionArrival,3,19
63,2239,1697492253722,Event_TransactionPropagation,1,14
64,2239,1697492253722,Event_ContainerValidation,1,35
65,2242,1697492253722,Event_NewTransactionArrival,3,20
66,2383,1697492253723,Event_TransactionPropagation,2,14
67,2513,1697492253723,Event_TransactionPropagation,3,15
68,2513,1697492253723,Event_ContainerValidation,3,37
69,2517,1697492253724,Event_NewTransactionArrival,2,21
70,2517,1697492253724,Event_ContainerValidation,2,39
71,2570,1697492253725,Event_TransactionPropagation,1,17
72,2574,1697492253725,Event_TransactionPropagation,1,16
73,2574,1697492253726,Event_ContainerValidation,1,41
74,2611,1697492253726,Event_TransactionPropagation,2,15
75,2625,1697492253726,Event_TransactionPropagation,3,16
76,2688,1697492253726,Event_NewTransactionArrival,1,22
77,2693,1697492253726,Event_TransactionPropagation,2,17
78,2693,1697492253727,Event_ContainerValidation,2,43
79,2785,1697492253727,Event_NewTransactionArrival,2,23
80,2816,1697492253727,Event_TransactionPropagation,1,19
81,2907,1697492253728,Event_TransactionPropagation,2,19
82,2965,1697492253728,Event_TransactionPropagation,1,20
83,2965,1697492253728,Event_ContainerValidation,1,45
84,3073,1697492253729,Event_TransactionPropagation,2,20
85,3073,1697492253729,Event_ContainerValidation,2,47
86,3187,1697492253729,Event_TransactionPropagation,1,21
87,3225,1697492253729,Event_TransactionPropagation,3,21
88,3225,1697492253730,Event_ContainerValidation,3,49
89,3233,1697492253730,Event_NewTransactionArrival,1,24
90,3290,1697492253731,Event_NewTransactionArrival,1,25
91,3290,1697492253731,Event_ContainerValidation,1,51
92,3293,1697492253731,Event_NewTransactionArrival,1,26
93,3306,1697492253732,Event_NewTransactionArrival,3,27
94,3306,1697492253732,Event_TransactionPropagation,1,18
95,3306,1697492253732,Event_ContainerValidation,1,53
96,3372,1697492253733,Event_TransactionPropagation,3,18
97,3372,1697492253733,Event_ContainerValidation,3,55
98,3490,1697492253733,Event_TransactionPropagation,3,22
99,3530,1697492253733,Event_NewTransactionArrival,1,28
100,3560,1697492253734,Event_TransactionPropagation,2,22
101,3616,1697492253734,Event_NewTransactionArrival,1,29
102,3637,1697492253734,Event_TransactionPropagation,1,23
103,3637,1697492253735,Event_ContainerValidation,1,57
104,3685,1697492253735,Event_TransactionPropagation,3,23
105,3949,1697492253735,Event_NewTransactionArrival,1,30
106,3959,1697492253735,Event_NewTransactionArrival,3,31
107,3959,1697492253736,Event_ContainerValidation,3,59
108,3978,1697492253736,Event_NewTransactionArrival,2,32
109,3991,1697492253737,Event_TransactionPropagation,3,24
110,4003,1697492253737,Event_NewTransactionArrival,2,33
111,4003,1697492253738,Event_ContainerValidation,2,61
112,4006,1697492253738,Event_NewTransactionArrival,2,34
113,4023,1697492253738,Event_NewTransactionArrival,2,35
114,4041,1697492253738,Event_NewTransactionArrival,2,36
115,4041,1697492253739,Event_ContainerValidation,2,63
116,4057,1697492253739,Event_TransactionPropagation,2,24
117,4077,1697492253739,Event_TransactionPropagation,3,28
118,4087,1697492253740,Event_NewTransactionArrival,2,37
119,4103,1697492253740,Event_TransactionPropagation,3,25
120,4103,1697492253741,Event_ContainerValidation,3,65
121,4125,1697492253741,Event_TransactionPropagation,2,28
122,4125,1697492253741,Event_ContainerValidation,2,67
123,4139,1697492253742,Event_NewTransactionArrival,2,38
124,4174,1697492253742,Event_TransactionPropagation,2,25
125,4174,1697492253742,Event_ContainerValidation,2,69
126,4182,1697492253742,Event_TransactionPropagation,3,26
127,4199,1697492253743,Event_TransactionPropagation,1,27
128,4199,1697492253743,Event_ContainerValidation,1,71
129,4260,1697492253743,Event_NewTransactionArrival,3,39
130,4260,1697492253744,Event_TransactionPropagation,2,26
131,4260,1697492253744,Event_ContainerValidation,3,73
132,4332,1697492253744,Event_TransactionPropagation,2,27
133,4332,1697492253745,Event_ContainerValidation,2,75
134,4364,1697492253745,Event_TransactionPropagation,3,29
135,4430,1697492253745,Event_TransactionPropagation,2,29
136,4530,1697492253745,Event_ContainerArrival,3,27
137,4607,1697492253747,Event_TransactionPropagation,3,30
138,4641,1697492253748,Event_NewTransactionArrival,3,40
139,4641,1697492253748,Event_ContainerValidation,3,77
140,4663,1697492253749,Event_ContainerArrival,1,19
141,4665,1697492253749,Event_TransactionPropagation,2,30
142,4735,1697492253749,Event_TransactionPropagation,1,34
143,4750,1697492253749,Event_TransactionPropagation,1,31
144,4769,1697492253749,Event_ContainerArrival,2,27
145,4777,1697492253749,Event_TransactionPropagation,3,34
146,4789,1697492253750,Event_ContainerArrival,1,7
147,4794,1697492253750,Event_TransactionPropagation,1,37
148,4794,1697492253750,Event_ContainerValidation,1,79
149,4832,1697492253751,Event_TransactionPropagation,1,38
150,4834,1697492253751,Event_TransactionPropagation,3,37
151,4852,1697492253751,Event_TransactionPropagation,1,36
152,4857,1697492253751,Event_NewTransactionArrival,1,41
153,4857,1697492253752,Event_ContainerValidation,1,81
154,4867,1697492253752,Event_TransactionPropagation,2,31
155,4867,1697492253753,Event_ContainerValidation,2,83
156,4871,1697492253753,Event_TransactionPropagation,3,38
157,4871,1697492253753,Event_ContainerValidation,3,85
158,4897,1697492253753,Event_TransactionPropagation,3,36
159,4972,1697492253753,Event_TransactionPropagation,1,32
160,4983,1697492253754,Event_TransactionPropagation,1,35
161,4983,1697492253754,Event_ContainerValidation,1,87
162,4991,1697492253754,Event_TransactionPropagation,1,39
163,5006,1697492253755,Event_ContainerArrival,3,7
164,5011,1697492253755,Event_NewTransactionArrival,1,42
165,5011,1697492253755,Event_ContainerValidation,1,89
166,5028,1697492253756,Event_TransactionPropagation,3,32
167,5032,1697492253756,Event_TransactionPropagation,1,33
168,5038,1697492253756,Event_TransactionPropagation,3,35
169,5038,1697492253758,Event_ContainerValidation,3,91
170,5090,1697492253758,Event_TransactionPropagation,3,33
171,5100,1697492253758,Event_TransactionPropagation,2,39
172,5111,1697492253758,Event_ContainerArrival,1,25
173,5123,1697492253759,Event_ContainerArrival,2,19
174,5233,1697492253759,Event_TransactionPropagation,1,40
175,5245,1697492253759,Event_ContainerArrival,1,1
176,5301,1697492253759,Event_NewTransactionArrival,1,43
177,5301,1697492253760,Event_ContainerValidation,1,93
178,5321,1697492253760,Event_TransactionPropagation,2,40
179,5357,1697492253761,Event_ContainerArrival,3,23
180,5454,1697492253761,Event_ContainerArrival,1,15
181,5468,1697492253761,Event_NewTransactionArrival,1,44
182,5497,1697492253761,Event_ContainerArrival,1,31
183,5540,1697492253762,Event_NewTransactionArrival,2,45
184,5540,1697492253762,Event_ContainerValidation,2,95
185,5611,1697492253763,Event_ContainerArrival,2,25
186,5676,1697492253763,Event_ContainerArrival,2,23
187,5678,1697492253763,Event_ContainerArrival,3,11
188,5700,1697492253763,Event_TransactionPropagation,3,41
189,5700,1697492253764,Event_ContainerValidation,3,97
190,5744,1697492253764,Event_ContainerArrival,1,29
191,5770,1697492253765,Event_NewTransactionArrival,1,46
192,5770,1697492253765,Event_ContainerValidation,1,99
193,5773,1697492253766,Event_TransactionPropagation,2,41
194,5800,1697492253766,Event_NewTransactionArrival,1,47
195,5814,1697492253766,Event_ContainerArrival,1,3
196,5837,1697492253766,Event_ContainerArrival,1,33
197,5866,1697492253767,Event_ContainerArrival,3,41
198,5892,1697492253767,Event_ContainerArrival,3,17
199,5920,1697492253767,Event_TransactionPropagation,3,42
200,5964,1697492253768,Event_ContainerArrival,1,39
201,5965,1697492253768,Event_ContainerArrival,3,29
202,5999,1697492253768,Event_TransactionPropagation,2,42
203,5999,1697492253769,Event_ContainerValidation,2,101
204,6005,1697492253769,Event_ContainerArrival,2,1
205,6020,1697492253769,Event_ContainerArrival,2,31
206,6037,1697492253769,Event_TransactionPropagation,3,43
207,6037,1697492253770,Event_ContainerValidation,3,103
208,6046,1697492253770,Event_ContainerArrival,3,33
209,6077,1697492253771,Event_ContainerArrival,2,11
210,6093,1697492253771,Event_ContainerArrival,2,15
211,6101,1697492253771,Event_TransactionPropagation,2,43
212,6106,1697492253771,Event_ContainerArrival,1,49
213,6107,1697492253772,Event_ContainerArrival,3,3
214,6153,1697492253772,Event_ContainerArrival,2,41
215,6159,1697492253772,Event_ContainerArrival,3,39
216,6197,1697492253772,Event_ContainerArrival,3,35
217,6209,1697492253773,Event_NewTransactionArrival,3,48
218,6268,1697492253773,Event_TransactionPropagation,3,44
219,6268,1697492253773,Event_ContainerValidation,3,105
220,6282,1697492253774,Event_ContainerArrival,2,17
221,6338,1697492253774,Event_TransactionPropagation,2,44
222,6338,1697492253774,Event_ContainerValidation,2,107
223,6369,1697492253774,Event_NewTransactionArrival,3,49
224,6442,1697492253775,Event_TransactionPropagation,1,45
225,6481,1697492253775,Event_TransactionPropagation,3,47
226,6486,1697492253775,Event_TransactionPropagation,3,46
227,6486,1697492253776,Event_ContainerValidation,3,109
228,6493,1697492253776,Event_TransactionPropagation,3,45
229,6534,1697492253776,Event_ContainerArrival,2,49
230,6540,1697492253776,Event_TransactionPropagation,2,47
231,6543,1697492253776,Event_ContainerArrival,2,35
232,6548,1697492253777,Event_TransactionPropagation,2,46
233,6549,1697492253777,Event_ContainerArrival,1,13
234,6600,1697492253778,Event_ContainerArrival,1,5
235,6698,1697492253778,Event_ContainerArrival,3,9
236,6819,1697492253778,Event_TransactionPropagation,1,48
237,6819,1697492253779,Event_ContainerValidation,1,111
238,6857,1697492253779,Event_ContainerArrival,3,13
239,6897,1697492253779,Event_NewTransactionArrival,3,50
240,6910,1697492253780,Event_TransactionPropagation,2,48
241,6910,1697492253780,Event_ContainerValidation,2,113
242,6911,1697492253780,Event_ContainerArrival,1,43
243,6970,1697492253781,Event_NewTransactionArrival,1,51
244,7095,1697492253781,Event_TransactionPropagation,1,49
245,7149,1697492253782,Event_ContainerArrival,3,43
246,7197,1697492253782,Event_ContainerArrival,2,9
247,7203,1697492253782,Event_TransactionPropagation,2,49
248,7232,1697492253783,Event_NewTransactionArrival,3,52
249,7232,1697492253784,Event_ContainerValidation,3,115
250,7233,1697492253784,Event_ContainerArrival,3,45
251,7236,1697492253784,Event_ContainerArrival,3,53
252,7267,1697492253785,Event_ContainerArrival,1,21
253,7302,1697492253785,Event_ContainerArrival,3,71
254,7311,1697492253786,Event_ContainerArrival,1,55
255,7327,1697492253786,Event_ContainerArrival,1,69
256,7360,1697492253786,Event_NewTransactionArrival,3,53
257,7414,1697492253786,Event_ContainerArrival,1,37
258,7420,1697492253787,Event_NewTransactionArrival,1,54
259,7420,1697492253791,Event_ContainerValidation,1,117
260,7474,1697492253791,Event_ContainerArrival,2,5
261,7494,1697492253792,Event_NewTransactionArrival,1,55
262,7501,1697492253792,Event_ContainerArrival,1,73
263,7506,1697492253792,Event_ContainerArrival,3,69
264,7559,1697492253792,Event_NewTransactionArrival,1,56
265,7573,1697492253792,Event_ContainerArrival,2,71
266,7578,1697492253793,Event_NewTransactionArrival,2,57
267,7579,1697492253793,Event_ContainerArrival,2,53
268,7587,1697492253793,Event_ContainerArrival,3,21
269,7605,1697492253793,Event_ContainerArrival,2,45
270,7665,1697492253794,Event_ContainerArrival,3,51
271,7673,1697492253794,Event_ContainerArrival,1,47
272,7726,1697492253794,Event_NewTransactionArrival,3,58
273,7726,1697492253795,Event_ContainerValidation,3,119
274,7745,1697492253795,Event_TransactionPropagation,1,50
275,7745,1697492253795,Event_ContainerValidation,1,121
276,7761,1697492253795,Event_NewTransactionArrival,1,59
277,7795,1697492253796,Event_ContainerArrival,3,57
278,7800,1697492253796,Event_TransactionPropagation,3,51
279,7830,1697492253796,Event_NewTransactionArrival,2,60
280,7830,1697492253796,Event_ContainerValidation,2,123
281,7871,1697492253797,Event_TransactionPropagation,2,50
282,7872,1697492253797,Event_TransactionPropagation,2,51
283,7896,1697492253797,Event_ContainerArrival,2,55
284,7933,1697492253797,Event_ContainerArrival,3,47
285,7942,1697492253797,Event_NewTransactionArrival,1,61
286,7942,1697492253798,Event_ContainerValidation,1,125
287,7983,1697492253798,Event_ContainerArrival,2,73
288,8046,1697492253798,Event_ContainerArrival,2,51
289,8113,1697492253798,Event_TransactionPropagation,1,52
290,8127,1697492253799,Event_NewTransactionArrival,3,62
291,8142,1697492253799,Event_ContainerArrival,2,37
292,8158,1697492253799,Event_ContainerArrival,2,57
293,8167,1697492253799,Event_TransactionPropagation,1,53
294,8167,1697492253800,Event_ContainerValidation,1,127
295,8181,1697492253800,Event_TransactionPropagation,3,54
296,8181,1697492253800,Event_ContainerValidation,3,129
297,8207,1697492253801,Event_ContainerArrival,1,75
298,8243,1697492253801,Event_TransactionPropagation,2,52
299,8243,1697492253801,Event_ContainerValidation,2,131
300,8247,1697492253802,Event_TransactionPropagation,2,54
301,8260,1697492253802,Event_TransactionPropagation,1,57
302,8287,1697492253802,Event_TransactionPropagation,2,53
303,8287,1697492253802,Event_ContainerValidation,2,133
304,8291,1697492253802,Event_ContainerArrival,3,89
305,8299,1697492253803,Event_TransactionPropagation,3,57
306,8307,1697492253803,Event_TransactionPropagation,3,55
307,8319,1697492253803,Event_TransactionPropagation,3,56
308,8319,1697492253803,Event_ContainerValidation,3,135
309,8340,1697492253804,Event_ContainerArrival,1,65
310,8377,1697492253804,Event_ContainerArrival,1,67
311,8378,1697492253804,Event_TransactionPropagation,2,55
312,8385,1697492253804,Event_TransactionPropagation,2,56
313,8386,1697492253804,Event_NewTransactionArrival,1,63
314,8386,1697492253805,Event_ContainerValidation,1,137
315,8426,1697492253805,Event_ContainerArrival,3,75
316,8462,1697492253805,Event_NewTransactionArrival,2,64
317,8462,1697492253806,Event_ContainerValidation,2,139
318,8530,1697492253806,Event_TransactionPropagation,1,60
319,8570,1697492253806,Event_TransactionPropagation,3,60
320,8577,1697492253806,Event_ContainerArrival,2,89
321,8578,1697492253806,Event_ContainerArrival,3,87
322,8617,1697492253806,Event_ContainerArrival,3,67
323,8628,1697492253807,Event_TransactionPropagation,1,58
324,8628,1697492253807,Event_ContainerValidation,1,141
325,8639,1697492253807,Event_ContainerArrival,1,77
326,8670,1697492253807,Event_TransactionPropagation,3,59
327,8670,1697492253808,Event_ContainerValidation,3,143
328,8711,1697492253808,Event_ContainerArrival,1,59
329,8749,1697492253808,Event_TransactionPropagation,2,59
330,8753,1697492253808,Event_TransactionPropagation,1,62
331,8762,1697492253808,Event_TransactionPropagation,2,58
332,8762,1697492253809,Event_ContainerValidation,2,145
333,8787,1697492253809,Event_ContainerArrival,1,85
334,8803,1697492253809,Event_ContainerArrival,3,99
335,8846,1697492253810,Event_TransactionPropagation,2,62
336,8862,1697492253810,Event_NewTransactionArrival,2,65
337,8868,1697492253810,Event_TransactionPropagation,3,61
338,8887,1697492253810,Event_NewTransactionArrival,3,66
339,8892,1697492253810,Event_ContainerArrival,2,87
340,8948,1697492253810,Event_TransactionPropagation,2,61
341,8948,1697492253811,Event_ContainerValidation,2,147
342,8955,1697492253811,Event_NewTransactionArrival,2,67
343,8970,1697492253811,Event_ContainerArrival,2,65
344,9017,1697492253811,Event_ContainerArrival,3,79
345,9038,1697492253812,Event_NewTransactionArrival,3,68
346,9038,1697492253812,Event_ContainerValidation,3,149
347,9042,1697492253812,Event_ContainerArrival,1,63
348,9053,1697492253812,Event_TransactionPropagation,3,63
349,9066,1697492253813,Event_NewTransactionArrival,1,69
350,9067,1697492253813,Event_ContainerArrival,2,99
351,9090,1697492253813,Event_ContainerArrival,1,105
352,9111,1697492253813,Event_TransactionPropagation,2,63
353,9140,1697492253813,Event_NewTransactionArrival,2,70
354,9140,1697492253814,Event_ContainerValidation,2,151
355,9179,1697492253814,Event_NewTransactionArrival,3,71
356,9233,1697492253814,Event_ContainerArrival,2,77
357,9279,1697492253814,Event_ContainerArrival,1,97
358,9308,1697492253815,Event_ContainerArrival,3,81
359,9324,1697492253815,Event_NewTransactionArrival,1,72
360,9324,1697492253815,Event_ContainerValidation,1,153
361,9325,1697492253816,Event_ContainerArrival,3,63
362,9326,1697492253816,Event_ContainerArrival,1,103
363,9369,1697492253816,Event_ContainerArrival,2,85
364,9385,1697492253816,Event_ContainerArrival,2,79
365,9415,1697492253816,Event_NewTransactionArrival,2,73
366,9417,1697492253817,Event_ContainerArrival,2,59
367,9459,1697492253817,Event_TransactionPropagation,1,64
368,9471,1697492253817,Event_NewTransactionArrival,1,74
369,9509,1697492253817,Event_ContainerArrival,2,105
370,9516,1697492253817,Event_TransactionPropagation,3,64
371,9516,1697492253818,Event_ContainerValidation,3,155
372,9525,1697492253818,Event_NewTransactionArrival,2,75
373,9525,1697492253818,Event_ContainerValidation,2,157
374,9645,1697492253819,Event_ContainerArrival,1,83
375,9665,1697492253819,Event_TransactionPropagation,1,67
376,9665,1697492253819,Event_ContainerValidation,1,159
377,9678,1697492253819,Event_ContainerArrival,1,107
378,9696,1697492253820,Event_ContainerArrival,2,81
379,9705,1697492253820,Event_TransactionPropagation,3,67
380,9793,1697492253820,Event_ContainerArrival,1,61
381,9807,1697492253820,Event_ContainerArrival,1,101
382,9811,1697492253820,Event_ContainerArrival,2,97
383,9815,1697492253821,Event_ContainerArrival,2,103
384,9823,1697492253821,Event_TransactionPropagation,1,71
385,9845,1697492253821,Event_TransactionPropagation,1,66
386,9850,1697492253821,Event_ContainerArrival,3,93
387,9867,1697492253821,Event_ContainerArrival,3,107
388,9915,1697492253821,Event_ContainerArrival,3,83
389,9919,1697492253822,Event_TransactionPropagation,2,71
390,9959,1697492253822,Event_TransactionPropagation,1,65
391,9959,1697492253822,Event_ContainerValidation,1,161
392,9973,1697492253822,Event_TransactionPropagation,3,69
393,9980,1697492253823,Event_TransactionPropagation,1,70
394,9987,1697492253823,Event_TransactionPropagation,2,66
395,9989,1697492253823,Event_TransactionPropagation,1,68
396,10013,1697492253823,Event_TransactionPropagation,3,72
397,10013,1697492253823,Event_ContainerValidation,3,163
398,10021,1697492253824,Event_TransactionPropagation,3,65
399,10022,1697492253824,Event_ContainerArrival,3,101
400,10027,1697492253824,Event_TransactionPropagation,3,70
401,10027,1697492253824,Event_ContainerValidation,3,165
402,10052,1697492253825,Event_TransactionPropagation,2,69
403,10052,1697492253825,Event_ContainerValidation,2,167
404,10073,1697492253825,Event_TransactionPropagation,2,72
405,10084,1697492253825,Event_NewTransactionArrival,3,76
406,10120,1697492253826,Event_ContainerArrival,3,61
407,10124,1697492253826,Event_ContainerArrival,1,91
408,10130,1697492253826,Event_TransactionPropagation,2,68
409,10138,1697492253826,Event_NewTransactionArrival,1,77
410,10138,1697492253827,Event_ContainerValidation,1,169
411,10190,1697492253827,Event_TransactionPropagation,1,73
412,10210,1697492253827,Event_NewTransactionArrival,3,78
413,10210,1697492253828,Event_ContainerValidation,3,171
414,10223,1697492253828,Event_ContainerArrival,1,95
415,10234,1697492253828,Event_TransactionPropagation,3,73
416,10247,1697492253828,Event_ContainerArrival,2,93
417,10356,1697492253828,Event_NewTransactionArrival,1,79
418,10356,1697492253829,Event_ContainerValidation,1,173
419,10402,1697492253829,Event_TransactionPropagation,3,74
420,10402,1697492253829,Event_ContainerValidation,3,175
421,10483,1697492253830,Event_TransactionPropagation,2,74
422,10483,1697492253830,Event_ContainerValidation,2,177
423,10488,1697492253830,Event_ContainerArrival,3,95
424,10507,1697492253831,Event_NewTransactionArrival,3,80
425,10513,1697492253831,Event_TransactionPropagation,1,75
426,10515,1697492253831,Event_NewTransactionArrival,3,81
427,10546,1697492253831,Event_NewTransactionArrival,3,82
428,10546,1697492253832,Event_ContainerValidation,3,179
429,10569,1697492253832,Event_TransactionPropagation,3,75
430,10731,1697492253832,Event_ContainerArrival,1,109
431,10750,1697492253832,Event_NewTransactionArrival,2,83
432,10830,1697492253832,Event_TransactionPropagation,1,76
433,10830,1697492253833,Event_ContainerValidation,1,181
434,10843,1697492253833,Event_NewTransactionArrival,1,84
435,10881,1697492253833,Event_ContainerArrival,2,91
436,10916,1697492253833,Event_TransactionPropagation,3,77
437,10916,1697492253834,Event_ContainerValidation,3,183
438,10940,1697492253834,Event_TransactionPropagation,2,76
439,10940,1697492253834,Event_ContainerValidation,2,185
440,10945,1697492253834,Event_NewTransactionArrival,2,85
441,10964,1697492253835,Event_TransactionPropagation,1,78
442,10964,1697492253835,Event_ContainerValidation,1,187
443,10974,1697492253835,Event_ContainerArrival,3,137
444,10984,1697492253835,Event_TransactionPropagation,2,77
445,10984,1697492253836,Event_ContainerValidation,2,189
446,11061,1697492253836,Event_ContainerArrival,3,111
447,11076,1697492253836,Event_TransactionPropagation,2,78
448,11086,1697492253836,Event_NewTransactionArrival,1,86
449,11144,1697492253837,Event_ContainerArrival,1,119
450,11165,1697492253837,Event_TransactionPropagation,3,79
451,11200,1697492253837,Event_ContainerArrival,2,137
452,11211,1697492253837,Event_TransactionPropagation,1,81
453,11235,1697492253837,Event_TransactionPropagation,2,79
454,11235,1697492253838,Event_ContainerValidation,2,191
455,11275,1697492253838,Event_ContainerArrival,1,113
456,11315,1697492253838,Event_TransactionPropagation,2,81
457,11341,1697492253838,Event_NewTransactionArrival,2,87
458,11363,1697492253838,Event_ContainerArrival,2,109
459,11429,1697492253839,Event_TransactionPropagation,1,82
460,11429,1697492253839,Event_ContainerValidation,1,193
461,11431,1697492253839,Event_ContainerArrival,2,111
462,11439,1697492253839,Event_NewTransactionArrival,2,88
463,11439,1697492253840,Event_ContainerValidation,2,195
464,11507,1697492253840,Event_TransactionPropagation,1,80
465,11522,1697492253840,Event_ContainerArrival,3,113
466,11543,1697492253840,Event_ContainerArrival,3,127
467,11561,1697492253841,Event_TransactionPropagation,2,82
468,11611,1697492253841,Event_ContainerArrival,3,125
469,11652,1697492253841,Event_ContainerArrival,2,119
470,11656,1697492253842,Event_TransactionPropagation,2,80
471,11656,1697492253842,Event_ContainerValidation,2,197
472,11697,1697492253842,Event_ContainerArrival,1,133
473,11715,1697492253842,Event_TransactionPropagation,3,84
474,11715,1697492253843,Event_ContainerValidation,3,199
475,11720,1697492253843,Event_ContainerArrival,3,141
476,11721,1697492253844,Event_TransactionPropagation,1,83
477,11722,1697492253844,Event_TransactionPropagation,1,85
478,11722,1697492253844,Event_ContainerValidation,1,201
479,11766,1697492253845,Event_TransactionPropagation,3,85
480,11776,1697492253845,Event_ContainerArrival,1,143
481,11776,1697492253845,Event_TransactionPropagation,3,83
482,11791,1697492253845,Event_TransactionPropagation,2,84
483,11796,1697492253845,Event_TransactionPropagation,3,86
484,11796,1697492253846,Event_ContainerValidation,3,203
485,11837,1697492253846,Event_ContainerArrival,2,127
486,11858,1697492253846,Event_TransactionPropagation,2,86
487,11858,1697492253847,Event_ContainerValidation,2,205
488,11890,1697492253848,Event_ContainerArrival,3,133
489,11917,1697492253848,Event_NewTransactionArrival,3,89
490,11930,1697492253848,Event_ContainerArrival,2,125
491,11989,1697492253848,Event_ContainerArrival,2,141
492,11990,1697492253849,Event_NewTransactionArrival,3,90
493,11996,1697492253849,Event_TransactionPropagation,1,88
494,12027,1697492253849,Event_TransactionPropagation,3,88
495,12027,1697492253850,Event_ContainerValidation,3,207
496,12053,1697492253850,Event_ContainerArrival,3,117
497,12103,1697492253850,Event_TransactionPropagation,1,87
498,12128,1697492253850,Event_NewTransactionArrival,2,91
499,12146,1697492253850,Event_TransactionPropagation,3,87
500,12157,1697492253850,Event_NewTransactionArrival,3,92
501,12173,1697492253851,Event_ContainerArrival,1,123
502,12238,1697492253851,Event_ContainerArrival,2,143
503,12262,1697492253851,Event_NewTransactionArrival,1,93
504,12262,1697492253852,Event_ContainerValidation,1,209
505,12326,1697492253852,Event_NewTransactionArrival,2,94
506,12326,1697492253853,Event_ContainerValidation,2,211
507,12349,1697492253853,Event_ContainerArrival,1,115
508,12419,1697492253854,Event_ContainerArrival,3,123
509,12458,1697492253854,Event_ContainerArrival,2,117
510,12587,1697492253854,Event_ContainerArrival,3,121
511,12593,1697492253854,Event_NewTransactionArrival,1,95
512,12615,1697492253855,Event_ContainerArrival,1,129
513,12681,1697492253855,Event_TransactionPropagation,1,90
514,12681,1697492253856,Event_ContainerValidation,1,213
515,12682,1697492253856,Event_TransactionPropagation,1,89
516,12698,1697492253856,Event_ContainerArrival,1,145
517,12719,1697492253856,Event_ContainerArrival,1,135
518,12783,1697492253856,Event_TransactionPropagation,2,90
519,12796,1697492253857,Event_TransactionPropagation,2,89
520,12843,1697492253857,Event_NewTransactionArrival,3,96
521,12843,1697492253857,Event_ContainerValidation,3,215
522,12855,1697492253858,Event_NewTransactionArrival,2,97
523,12855,1697492253858,Event_ContainerValidation,2,217
524,12911,1697492253858,Event_NewTransactionArrival,3,98
525,12921,1697492253859,Event_ContainerArrival,3,145
526,12951,1697492253859,Event_TransactionPropagation,3,93
527,12951,1697492253860,Event_ContainerValidation,3,219
528,12991,1697492253860,Event_TransactionPropagation,1,91
529,13009,1697492253860,Event_TransactionPropagation,1,92
530,13009,1697492253860,Event_ContainerArrival,2,121
531,13009,1697492253861,Event_ContainerValidation,1,221
532,13011,1697492253861,Event_TransactionPropagation,2,93
533,13033,1697492253861,Event_NewTransactionArrival,2,99
534,13033,1697492253862,Event_ContainerValidation,2,223
535,13039,1697492253862,Event_TransactionPropagation,3,91
536,13052,1697492253862,Event_ContainerArrival,1,157
537,13110,1697492253862,Event_ContainerArrival,2,115
538,13121,1697492253862,Event_TransactionPropagation,1,94
539,13125,1697492253863,Event_NewTransactionArrival,3,100
540,13136,1697492253863,Event_TransactionPropagation,2,92
541,13166,1697492253863,Event_TransactionPropagation,3,94
542,13166,1697492253864,Event_ContainerValidation,3,225
543,13209,1697492253864,Event_ContainerArrival,1,171
544,13251,1697492253864,Event_ContainerArrival,3,157
545,13274,1697492253865,Event_ContainerArrival,2,129
546,13373,1697492253865,Event_ContainerArrival,2,135
547,13400,1697492253865,Event_ContainerArrival,3,173
548,13566,1697492253865,Event_TransactionPropagation,3,95
549,13589,1697492253866,Event_ContainerArrival,1,165
550,13651,1697492253866,Event_TransactionPropagation,2,95
551,13655,1697492253866,Event_ContainerArrival,2,171
552,13665,1697492253866,Event_ContainerArrival,2,173
553,13688,1697492253867,Event_ContainerArrival,1,151
554,13691,1697492253867,Event_ContainerArrival,1,175
555,13769,1697492253867,Event_ContainerArrival,3,153
556,13805,1697492253868,Event_TransactionPropagation,1,97
557,13805,1697492253868,Event_ContainerValidation,1,227
558,13807,1697492253869,Event_ContainerArrival,1,131
559,13833,1697492253869,Event_TransactionPropagation,1,99
560,13852,1697492253869,Event_TransactionPropagation,1,100
561,13858,1697492253869,Event_TransactionPropagation,3,97
562,13858,1697492253869,Event_ContainerValidation,3,229
563,13864,1697492253870,Event_TransactionPropagation,1,96
564,13864,1697492253870,Event_ContainerValidation,1,231
565,13876,1697492253871,Event_ContainerArrival,1,139
566,13878,1697492253871,Event_TransactionPropagation,3,99
567,13915,1697492253871,Event_TransactionPropagation,1,98
568,13945,1697492253871,Event_ContainerArrival,3,151
569,13960,1697492253871,Event_TransactionPropagation,2,100
570,13960,1697492253872,Event_ContainerValidation,2,233
571,13972,1697492253872,Event_ContainerArrival,1,155
572,14016,1697492253872,Event_TransactionPropagation,2,96
573,14065,1697492253872,Event_TransactionPropagation,2,98
574,14118,1697492253873,Event_ContainerArrival,2,165
575,14121,1697492253873,Event_ContainerArrival,3,131
576,14138,1697492253873,Event_ContainerArrival,3,181
577,14157,1697492253874,Event_ContainerArrival,2,153
578,14180,1697492253875,Event_ContainerArrival,2,175
579,14182,1697492253875,Event_ContainerArrival,3,139
580,14216,1697492253875,Event_ContainerArrival,3,187
581,14229,1697492253875,Event_ContainerArrival,1,189
582,14289,1697492253876,Event_ContainerArrival,1,183
583,14413,1697492253876,Event_ContainerArrival,3,189
584,14427,1697492253876,Event_ContainerArrival,2,181
585,14500,1697492253877,Event_ContainerArrival,2,187
586,14503,1697492253877,Event_ContainerArrival,1,185
587,14511,1697492253877,Event_ContainerArrival,1,163
588,14515,1697492253878,Event_ContainerArrival,1,147
589,14633,1697492253878,Event_ContainerArrival,1,191
590,14635,1697492253878,Event_ContainerArrival,2,155
591,14667,1697492253878,Event_ContainerArrival,3,159
592,14705,1697492253879,Event_ContainerArrival,3,185
593,14707,1697492253879,Event_ContainerArrival,1,149
594,14791,1697492253879,Event_ContainerArrival,2,183
595,14825,1697492253880,Event_ContainerArrival,3,191
596,14830,1697492253880,Event_ContainerArrival,3,147
597,15077,1697492253880,Event_ContainerArrival,1,199
598,15103,1697492253880,Event_ContainerArrival,2,159
599,15140,1697492253881,Event_ContainerArrival,3,169
600,15180,1697492253881,Event_ContainerArrival,3,161
601,15180,1697492253881,Event_ContainerArrival,2,163
602,15299,1697492253882,Event_ContainerArrival,1,205
603,15494,1697492253882,Event_ContainerArrival,3,205
604,15509,1697492253882,Event_ContainerArrival,1,167
605,15550,1697492253882,Event_ContainerArrival,2,149
606,15576,1697492253883,Event_ContainerArrival,2,169
607,15577,1697492253883,Event_ContainerArrival,2,199
608,15590,1697492253883,Event_ContainerArrival,1,195
609,15636,1697492253884,Event_ContainerArrival,2,161
610,15642,1697492253884,Event_ContainerArrival,1,211
611,15706,1697492253884,Event_ContainerArrival,1,179
612,15752,1697492253884,Event_ContainerArrival,1,197
613,15817,1697492253885,Event_ContainerArrival,3,167
614,15824,1697492253885,Event_ContainerArrival,3,195
615,15829,1697492253885,Event_ContainerArrival,3,211
616,15963,1697492253886,Event_ContainerArrival,1,207
617,15983,1697492253886,Event_ContainerArrival,3,197
618,16009,1697492253886,Event_ContainerArrival,3,213
619,16009,1697492253886,Event_ContainerArrival,3,193
620,16066,1697492253887,Event_ContainerArrival,3,209
621,16074,1697492253887,Event_ContainerArrival,1,177
622,16131,1697492253887,Event_ContainerArrival,1,223
623,16299,1697492253887,Event_ContainerArrival,2,213
624,16307,1697492253888,Event_ContainerArrival,3,223
625,16338,1697492253888,Event_ContainerArrival,1,219
626,16390,1697492253888,Event_ContainerArrival,3,177
627,16397,1697492253889,Event_ContainerArrival,2,209
628,16408,1697492253889,Event_ContainerArrival,2,193
629,16432,1697492253889,Event_ContainerArrival,1,203
630,16473,1697492253890,Event_ContainerArrival,2,179
631,16548,1697492253890,Event_ContainerArrival,2,207
632,16842,1697492253890,Event_ContainerArrival,2,219
633,16938,1697492253891,Event_ContainerArrival,3,201
634,17015,1697492253891,Event_ContainerArrival,3,227
635,17122,1697492253891,Event_ContainerArrival,2,203
636,17295,1697492253891,Event_ContainerArrival,2,227
637,17393,1697492253892,Event_ContainerArrival,2,201
638,17552,1697492253892,Event_ContainerArrival,1,229
639,17670,1697492253892,Event_ContainerArrival,1,225
640,17831,1697492253893,Event_ContainerArrival,3,221
641,17920,1697492253893,Event_ContainerArrival,1,217
642,17991,1697492253893,Event_ContainerArrival,1,215
643,18101,1697492253894,Event_ContainerArrival,2,229
644,18207,1697492253894,Event_ContainerArrival,3,217
645,18252,1697492253894,Event_ContainerArrival,2,221
646,18340,1697492253894,Event_ContainerArrival,2,225
647,18757,1697492253895,Event_ContainerArrival,2,215
648,18832,1697492253895,Event_ContainerArrival,3,231
649,19266,1697492253895,Event_ContainerArrival,2,231
650,19511,1697492253896,Event_ContainerArrival,1,233
651,19825,1697492253896,Event_ContainerArrival,3,233
